customer_id,customer_name,email,registration_date,customer_type
C0001,Jordan Hughes,atrevino@example.com,2025-10-22,REGULAR
C0002,Tamara Stevenson,candiceblair@example.com,2025-11-23,VIP
C0003,Kristin Stafford,williamsvanessa@example.net,2025-11-21,REGULAR
C0004,Allison Rice,hreid@example.net,2024-08-09,REGULAR
C0005,Danielle Hansen,jamiegibson@example.org,2026-06-07,REGULAR
C0006,Kenneth Jones,courtneycraig@example.com,2026-07-07,REGULAR
C0007,Caroline Murphy,wmiller@example.net,2024-09-14,PREMIUM
C0008,Teresa Garrison,qwalker@example.net,2025-11-24,PREMIUM
C0009,Gabrielle Jackson,petersenlauren@example.net,2026-01-29,VIP
C0010,Jennifer Casey,michelecook@example.com,2025-04-13,VIP
C0011,Peter Munoz,cynthiaunderwood@example.org,2026-01-28,REGULAR
C0012,Andrew Lynch,gabriellemyers@example.org,2025-09-18,REGULAR
C0013,Rebecca Davis,alicia82@example.com,2025-10-06,PREMIUM
C0014,Victor Bush,kristina08@example.org,2026-06-29,VIP
C0015,John Winters,danielolsonexample.net,2025-07-11,VIP
C0016,Brenda Bullock,olivervanessa@example.org,2025-05-02,REGULAR
C0017,Rhonda Hayes,kelly03@example.com,2025-04-25,PREMIUM
C0018,Andrea Clark,adamsdebra@example.net,2025-11-13,REGULAR
C0019,Aimee Barton,amandayoung@example.net,2025-08-04,REGULAR
C0020,Robert Martin,wgomez@example.com,2024-11-05,REGULAR
C0021,Jessica Cruz,zperez@example.org,2025-03-24,REGULAR
C0022,Catherine Smith,zmatthews@example.com,2025-09-06,VIP
C0023,Danny Webb,sonya61@example.org,2025-06-08,VIP
C0024,Michelle Jones,hayleydavidson@example.org,2026-01-14,PREMIUM
C0025,Kelly Baker,justin76@example.net,2025-03-15,REGULAR
C0026,Katherine Logan,johnsonphilip@example.com,2025-12-23,REGULAR
C0027,Lisa Mcintyre,parkernorman@example.com,2024-10-16,VIP
C0028,Dustin Smith,brandyevans@example.org,2025-01-06,VIP
C0029,Katie Harper,patelthomas@example.com,2025-06-25,REGULAR
C0030,Sarah Mayer,zacharyperry@example.org,2025-10-02,PREMIUM
C0031,Laura Torres,vgarcia@example.com,2024-08-31,PREMIUM
C0032,Jonathan Martinez,wrodriguez@example.com,2025-09-11,VIP
C0033,Michael Daniels MD,christopher18@example.net,2026-07-07,VIP
C0034,Ronnie Baker,oboyer@example.com,2025-10-24,REGULAR
C0035,Melanie Navarro,ryanboone@example.com,2026-01-21,REGULAR
C0036,Courtney Edwards,aleonard@example.com,2024-10-17,REGULAR
C0037,Lauren Bowman,hunteric@example.net,2025-05-31,PREMIUM
C0038,Kevin Green,pdillon@example.net,2025-10-11,VIP
C0039,Jonathan Watson,floreslisa@example.net,2026-03-28,PREMIUM
C0040,Thomas Waters,bbautista@example.net,2025-01-13,VIP
C0041,Brian Fuentes,moorepeter@example.com,2024-11-17,REGULAR
C0042,Grant Cole,vcollins@example.com,2025-05-23,VIP
C0043,Shannon Rodriguez,xgates@example.org,2025-08-26,PREMIUM
C0044,David Franklin,david38@example.net,2025-01-21,REGULAR
C0045,Daniel Warren,tracy13@example.org,2024-07-15,VIP
C0046,Dakota Castillo,jmartin@example.net,2025-01-15,REGULAR
C0047,Kerri Franco,saguilar@example.org,2025-11-06,PREMIUM
C0048,John Ross,benjaminevans@example.net,2026-01-12,VIP
C0049,Christopher Stewart,bryanmartinez@example.net,2025-11-13,REGULAR
C0050,John Davis,ralvarado@example.org,2025-07-15,REGULAR
C0051,Loretta Lowe,dana44@example.com,2025-05-10,PREMIUM
C0052,Megan Randolph,miranda71@example.com,2026-06-04,VIP
C0053,Jonathan Johnson,oneilljessica@example.org,2025-03-19,REGULAR
C0054,Laura Miller,carpenterronald@example.org,2024-08-20,REGULAR
C0055,Jessica Young,dawn54@example.org,2025-12-23,PREMIUM
C0056,Amy Contreras,ewhite@example.com,2026-03-11,REGULAR
C0057,Robert Lopez,donna30@example.com,2026-05-27,VIP
C0058,Joseph Smith,priscilla98@example.com,2026-06-26,REGULAR
C0059,Megan Garcia,kford@example.net,2024-12-17,REGULAR
C0060,Wayne Curtis,gmarshall@example.net,2024-12-25,REGULAR
C0061,James Anderson,xmayer@example.net,2026-02-18,VIP
C0062,Katherine Bradley,imartin@example.net,2025-12-05,VIP
C0063,Jocelyn Hernandez,colin74@example.com,2025-08-04,PREMIUM
C0064,Jessica Gonzalez,wyatt99@example.com,2024-08-16,REGULAR
C0065,Janice Stanton,alvin45@example.com,2025-08-02,PREMIUM
C0066,Donald Williams,mary03@example.net,2026-01-14,REGULAR
C0067,Teresa Castillo,kathrynmartinez@example.com,2025-01-09,PREMIUM
C0068,Joshua Moore,kevincampbell@example.net,2025-01-12,VIP
C0069,Bernard Calderon,diana07@example.net,2025-08-11,PREMIUM
C0070,Elizabeth Cox,stephendavidson@example.org,2025-12-21,PREMIUM
C0071,Lisa Stanley,bryan83@example.com,2026-06-15,VIP
C0072,Erica Hogan,andrewsalinas@example.com,2025-02-17,REGULAR
C0073,Gwendolyn Scott,murphybrookeexample.org,2026-06-30,VIP
C0074,Jacqueline Mitchell,pettytammy@example.net,2026-07-08,VIP
C0075,Lauren Horn,mark98@example.net,2025-05-20,VIP
C0076,Kayla Heath,philipsimmons@example.net,2025-04-30,REGULAR
C0077,Gregory Jones,diana83@example.net,2026-07-07,VIP
C0078,Samantha Burch,jenniferwilson@example.net,2025-03-14,REGULAR
C0079,Mason Nolan,pwilson@example.com,2024-10-05,REGULAR
C0080,Danielle Yu,yvelazquez@example.com,2024-10-22,PREMIUM
C0081,Steven Shah,michaelgould@example.org,2026-01-31,VIP
C0082,Angela Bennett,madeline52@example.org,2024-12-19,VIP
C0083,Kimberly Collins,lori65@example.net,2025-12-09,VIP
C0084,Christopher Ward,adam26@example.org,2025-01-15,PREMIUM
C0085,Mitchell Vega,jenniferjackson@example.org,2024-10-23,VIP
C0086,Douglas Oconnor,fkoch@example.com,2025-05-14,PREMIUM
C0087,Jason Hines,mmoore@example.com,2024-09-24,REGULAR
C0088,Kristina Williams,brian58@example.com,2026-06-16,REGULAR
C0089,Nancy Robinson,kburns@example.org,2025-02-19,REGULAR
C0090,William Jackson,richard74@example.com,2025-02-22,PREMIUM
C0091,Tyler Russell,ichang@example.org,2025-07-28,REGULAR
C0092,Troy Fischer,madisonclay@example.net,2025-03-06,REGULAR
C0093,Paula Evans,dbooth@example.net,2025-06-23,VIP
C0094,Jody Flores,douglashill@example.org,2024-10-03,REGULAR
C0095,Edward Valdez,cwebster@example.net,2026-05-24,VIP
C0096,Justin Wheeler,joshualawson@example.org,2026-01-20,REGULAR
C0097,Robert Greene III,wburnett@example.org,2026-05-15,REGULAR
C0098,Stacie Bryan,wyatt00@example.com,2025-08-16,REGULAR
C0099,Brandon Mack,mcguirewilliam@example.com,2025-06-26,VIP
C0100,Michael Smith,smithdeanna@example.com,2025-04-03,PREMIUM
C0101,Megan Holland,diazmary@example.net,2025-08-27,REGULAR
C0102,Johnathan Powell,ujensen@example.net,2025-08-15,PREMIUM
C0103,Shannon Barker,espinozadebbie@example.org,2025-06-03,VIP
C0104,William Davis,gwalker@example.com,2026-01-18,VIP
C0105,James Mitchell,gmartinez@example.net,2026-06-25,PREMIUM
C0106,Randy Davidson,danashaw@example.com,2025-07-18,PREMIUM
C0107,Jesus Hudson,chandlermegan@example.net,2025-09-20,VIP
C0108,Thomas Mendez,sjones@example.org,2024-10-21,PREMIUM
C0109,Joseph Sanchez,mary62@example.net,2025-07-13,VIP
C0110,Tiffany Robinson,clarkekevin@example.com,2024-08-16,REGULAR
C0111,Samantha Santos,johnsontracy@example.net,2026-04-17,REGULAR
C0112,David Lopez,johnsonkirsten@example.org,2026-04-29,VIP
C0113,Kara Bernard,michael42@example.net,2024-12-24,REGULAR
C0114,Roy Manning,ashleyallen@example.com,2026-02-23,VIP
C0115,Tiffany Hunter,edwardspaula@example.org,2026-02-20,VIP
C0116,Molly Russell,bankschristopher@example.org,2025-06-30,REGULAR
C0117,Lisa Tucker,maureenjones@example.com,2025-12-27,VIP
C0118,Jeremy Martin,bfarrell@example.net,2025-01-12,PREMIUM
C0119,Brendan Church,tbutler@example.net,2025-10-05,PREMIUM
C0120,Gary Mack,jacksonmonica@example.net,2024-07-29,REGULAR
C0121,Eric Gibson,thomas93@example.com,2025-06-30,VIP
C0122,Michael Allen,fjimenez@example.net,2024-10-14,REGULAR
C0123,Norma Villanueva,kimbaker@example.com,2024-08-01,VIP
C0124,David Sherman,christiansmith@example.net,2026-05-23,VIP
C0125,Kevin Key,yvonnemiles@example.org,2026-05-25,VIP
C0126,Jordan Hopkins,chloemoore@example.org,2026-01-28,PREMIUM
C0127,Melissa Quinn,xjensen@example.com,2025-11-20,PREMIUM
C0128,Hannah Jackson,andersondana@example.net,2026-02-04,REGULAR
C0129,Alejandra Hayes,cameronhunter@example.com,2024-10-10,VIP
C0130,Julie Ingram,matthewcampbell@example.com,2026-03-20,VIP
C0131,Shawn Perkins,krystal56@example.net,2026-04-14,REGULAR
C0132,Robert Bartlett,matthewrivera@example.net,2024-07-12,REGULAR
C0133,Christopher Gardner,jnguyen@example.net,2024-09-03,VIP
C0134,John Smith,daniel00@example.net,2024-10-19,VIP
C0135,Julie Hall,bakerjessica@example.com,2026-02-11,REGULAR
C0136,Christopher Edwards,nnoble@example.com,2025-01-08,REGULAR
C0137,Scott Thomas,keithlong@example.com,2025-01-10,REGULAR
C0138,Mikayla Greer,psmith@example.org,2025-03-08,REGULAR
C0139,Theresa Ramsey,brittanywhite@example.com,2025-08-05,VIP
C0140,Jonathan Williams,hpatterson@example.org,2025-05-05,PREMIUM
C0141,Julie Houston,madison90@example.net,2024-09-11,PREMIUM
C0142,Michael Hall,omoore@example.org,2025-03-07,VIP
C0143,Heather Chavez,shawnorr@example.org,2026-01-28,REGULAR
C0144,Christine Bush,torrespaula@example.com,2025-10-11,PREMIUM
C0145,Valerie Gallagher,kristina66@example.com,2024-12-03,REGULAR
C0146,Tyler Reyes,honeal@example.org,2025-05-10,PREMIUM
C0147,Marissa Watson,diane19@example.com,2025-04-18,REGULAR
C0148,Mrs. Sheila Snow DVM,christineterrell@example.net,2024-12-24,REGULAR
C0149,Kevin Scott,bianca44@example.net,2025-05-25,PREMIUM
C0150,Amanda Ford,iblack@example.net,2025-12-05,VIP
C0151,Joshua Hester,johnsonderrick@example.org,2025-04-02,REGULAR
C0152,Jacqueline Mullen,smallmaria@example.net,2026-06-11,REGULAR
C0153,Sarah Williams,kirk35@example.net,2025-11-16,PREMIUM
C0154,Kathleen Rivera,jmontes@example.com,2025-09-06,PREMIUM
C0155,Cody Stevens,moorewilliam@example.net,2024-10-04,PREMIUM
C0156,Zachary Rodriguez,reeselaura@example.com,2025-03-17,REGULAR
C0157,Eric Davis,hooverrachel@example.com,2025-05-16,PREMIUM
C0158,Jacqueline Hines,george69example.net,2025-05-20,REGULAR
C0159,Taylor Davis,steven23@example.org,2025-04-18,REGULAR
C0160,Christopher Mcfarland,timothy80@example.org,2025-03-26,VIP
C0161,Jessica Boyer,shepherdkimberly@example.org,2025-07-07,PREMIUM
C0162,Amber Baker,pmcgrath@example.org,2025-12-22,REGULAR
C0163,Melissa Yang,jeffrey36@example.net,2025-10-13,PREMIUM
C0164,Pamela Davis,zachary35@example.net,2025-09-21,VIP
C0165,Ashley Scott,alexis07@example.org,2025-04-17,REGULAR
C0166,Ruth Thomas,sarahbautista@example.net,2025-01-28,REGULAR
C0167,Sean Jones,laura31example.com,2024-09-29,REGULAR
C0168,David Blair,fshea@example.org,2024-08-05,PREMIUM
C0169,Courtney Brown,annedelgado@example.net,2025-05-04,PREMIUM
C0170,Frank Gonzalez,natashamartinez@example.com,2026-05-12,REGULAR
C0171,Julie Hernandez,karen68@example.com,2026-03-05,PREMIUM
C0172,Jose Lee,jay06@example.org,2025-08-11,PREMIUM
C0173,Jason Kemp,robinhurley@example.com,2024-08-10,REGULAR
C0174,Ryan Fuentes,robersonleslie@example.net,2025-04-24,REGULAR
C0175,Sandra Robertson,dyerteresa@example.org,2025-02-18,REGULAR
C0176,Kyle Harris,erika61@example.net,2024-09-03,VIP
C0177,Joshua Garza,kaitlin76@example.com,2025-12-17,VIP
C0178,Michelle Jordan,hallkevin@example.net,2024-08-04,REGULAR
C0179,Paul Hernandez,brittanyenglish@example.com,2026-04-07,VIP
C0180,Melissa Fisher,chris44@example.org,2025-06-09,VIP
C0181,Jeffrey Munoz,gonzalesmary@example.net,2025-07-30,PREMIUM
C0182,Kayla Hunter,davisangela@example.org,2026-05-05,PREMIUM
C0183,Heather Leach,bflowers@example.net,2026-04-14,PREMIUM
C0184,Dr. Lori Smith PhD,sarah82@example.org,2026-04-06,VIP
C0185,Tommy Barker,cbrooks@example.org,2025-06-02,PREMIUM
C0186,Michelle Sanders,sullivangregory@example.com,2026-02-04,VIP
C0187,Linda Parker,wnewman@example.com,2025-06-05,VIP
C0188,Sharon Bailey,codysmith@example.org,2025-04-04,VIP
C0189,Eric Robinson,deanzachary@example.org,2025-10-31,VIP
C0190,Gilbert Chavez,dylan91@example.org,2025-06-13,REGULAR
C0191,Stacey Bell,karikirk@example.net,2024-11-27,PREMIUM
C0192,James Thomas,oalvarado@example.com,2025-04-09,REGULAR
C0193,William Rivera,xchandler@example.net,2026-05-06,REGULAR
C0194,Jacqueline Smith,velazquezjessica@example.net,2025-02-21,REGULAR
C0195,Douglas Rodriguez,timothycantrell@example.org,2025-08-11,PREMIUM
C0196,Timothy Yates,barnesjessica@example.net,2026-04-26,VIP
C0197,Stephen Porter,melaniebrown@example.net,2025-02-20,PREMIUM
C0198,Christopher Case,lisabecker@example.com,2025-08-07,VIP
C0199,Nicholas Nelson,reyeszachary@example.net,2024-09-30,PREMIUM
C0200,Michelle Campbell,zharper@example.net,2025-01-28,VIP
C0201,Joseph Watts,billjones@example.net,2026-03-20,REGULAR
C0202,Angela Reed,mossjustin@example.com,2026-07-02,VIP
C0203,Hector Burns,ryan49@example.org,2024-09-13,PREMIUM
C0204,Richard Gillespie,melanieclarke@example.org,2025-12-03,REGULAR
C0205,Emily West,nhillexample.org,2024-12-23,REGULAR
C0206,Cynthia Duffy,scottisaiah@example.com,2026-03-07,VIP
C0207,Patricia Sanchez,kellymckay@example.com,2026-01-22,REGULAR
C0208,Lisa Travis,joshua71@example.net,2025-10-03,REGULAR
C0209,Stephanie Nelson,kristen45@example.net,2024-11-07,VIP
C0210,David Jordan,xlee@example.org,2024-08-08,VIP
C0211,Rebecca Perez,vpoole@example.com,2024-08-03,PREMIUM
C0212,Rebecca Lowe,leejimmy@example.com,2025-05-02,PREMIUM
C0213,Tim Holmes,william87@example.net,2025-11-18,PREMIUM
C0214,Justin Thompson,james93@example.com,2025-12-24,REGULAR
C0215,Oscar Shaw,edwardroberts@example.net,2025-04-26,VIP
C0216,James Harris,karenoconnor@example.org,2025-11-27,REGULAR
C0217,Jennifer Martin,lewismichael@example.org,2025-07-27,PREMIUM
C0218,Dr. Kyle Cooper,lorilewis@example.com,2026-03-21,PREMIUM
C0219,Sharon Mason,figueroaelizabeth@example.com,2026-05-15,REGULAR
C0220,Chad Chen,tateanita@example.com,2026-04-04,VIP
C0221,Jill Scott,brandiedwards@example.net,2024-10-17,PREMIUM
C0222,Kenneth Reid,william72@example.com,2025-07-22,PREMIUM
C0223,John Pierce,dawnmiller@example.org,2025-06-28,PREMIUM
C0224,Jeffrey Johnson,oparker@example.com,2025-11-16,VIP
C0225,Michelle Donaldson,marshgabrielle@example.net,2025-06-06,PREMIUM
C0226,Karen Burns,fortega@example.com,2025-12-16,PREMIUM
C0227,Robert Romero,michelle03@example.com,2025-04-20,REGULAR
C0228,Clarence Lawrence,james58@example.net,2024-12-01,REGULAR
C0229,Kristina Mosley,michaelsanchez@example.org,2025-06-17,REGULAR
C0230,David Owens,nicolejenkins@example.org,2026-05-02,VIP
C0231,Daniel Grant,balvarado@example.net,2025-11-22,PREMIUM
C0232,Jeremy Wallace,lloydwilliam@example.com,2026-01-03,VIP
C0233,Laura Hernandez,mark93@example.net,2024-10-12,REGULAR
C0234,Wendy Kemp,william12@example.net,2024-12-30,VIP
C0235,Jennifer Scott,simmonsshawn@example.org,2024-09-26,PREMIUM
C0236,Tracy Marquez,gnixon@example.net,2025-09-13,REGULAR
C0237,David Mitchell,knightjohn@example.com,2024-07-20,REGULAR
C0238,Michael Jones,robertwright@example.com,2026-05-14,REGULAR
C0239,Linda Bowman,tamaravasquez@example.org,2025-10-07,REGULAR
C0240,Michael Henderson,kathryn93@example.org,2025-08-10,PREMIUM
C0241,Laura Howard,vsoto@example.org,2025-08-15,VIP
C0242,Tamara Howard,xkoch@example.com,2025-01-26,PREMIUM
C0243,Juan Martin,odennis@example.org,2024-08-09,REGULAR
C0244,Steven Olson,uevans@example.com,2024-10-04,PREMIUM
C0245,Brandi Cantu,creilly@example.com,2026-05-14,PREMIUM
C0246,Adrienne Cunningham,hendersonalexandraexample.com,2024-08-05,PREMIUM
C0247,Mark Ellis,michellearroyo@example.org,2024-12-04,PREMIUM
C0248,Christopher Nelson,jenniferkaiser@example.com,2026-05-17,VIP
C0249,Melvin Caldwell,robertharris@example.com,2025-06-09,PREMIUM
C0250,Felicia Gilbert,hailey59@example.org,2024-08-11,REGULAR
C0251,Tony Jones,troy28@example.net,2025-10-31,REGULAR
C0252,Lindsay Jenkins,cheyenne56@example.org,2026-04-23,PREMIUM
C0253,Melanie Hickman,marshjared@example.com,2026-05-16,REGULAR
C0254,Hannah Smith,hlopez@example.net,2026-06-15,PREMIUM
C0255,Ryan Jordan,gomezchristina@example.org,2025-07-02,PREMIUM
C0256,Natasha Watson,tcastro@example.com,2024-10-23,REGULAR
C0257,Mr. Joseph Miller,dhughes@example.com,2024-10-05,REGULAR
C0258,Brittney Hodges,jenny41@example.com,2025-02-21,PREMIUM
C0259,Gregory Sanders,jeffrey52@example.net,2024-12-07,VIP
C0260,Morgan Harris,kgraves@example.org,2024-11-11,PREMIUM
C0261,Frank Terrell,michaellopez@example.org,2026-05-16,VIP
C0262,Lisa Garcia,umitchell@example.com,2026-04-18,VIP
C0263,Corey Taylor,johnsonanthony@example.net,2025-06-22,VIP
C0264,Christopher Smith,christybaker@example.com,2024-09-30,VIP
C0265,Robert Olson,rachelnovak@example.org,2026-03-21,REGULAR
C0266,Dr. Jessica Alexander MD,millerashley@example.net,2024-12-30,PREMIUM
C0267,Jenny Brown,johnsontracey@example.org,2026-01-12,REGULAR
C0268,April Sanchez,gberry@example.org,2025-04-04,PREMIUM
C0269,Matthew Miller,wiserebecca@example.net,2026-04-30,PREMIUM
C0270,David Hernandez,erinrobertson@example.net,2026-01-19,PREMIUM
C0271,David Bryant,pamking@example.net,2025-02-20,VIP
C0272,Kevin Moreno,andrewlewis@example.net,2024-11-20,VIP
C0273,Benjamin Thompson,martinezamber@example.org,2026-03-22,VIP
C0274,Edward Mills,charlesaguirre@example.org,2025-06-17,PREMIUM
C0275,Joyce Ramos,smithmadison@example.com,2024-11-03,REGULAR
C0276,Christina Mendoza,lesliecontreras@example.org,2025-10-19,VIP
C0277,Jerry Sweeney,hballard@example.net,2024-11-17,PREMIUM
C0278,Chelsea Martinez,dsimpson@example.org,2026-02-23,VIP
C0279,Amanda Sanchez,christopher44example.net,2024-07-25,PREMIUM
C0280,Cody Phillips,jwilliams@example.net,2024-09-01,VIP
C0281,James Moreno,markhansen@example.org,2024-10-29,PREMIUM
C0282,Thomas Ellison,kylesmith@example.net,2025-02-07,PREMIUM
C0283,Luis Morris,ustone@example.net,2026-06-08,REGULAR
C0284,Marie Moreno,lisa04@example.com,2026-05-11,PREMIUM
C0285,Kathryn Todd,swilliams@example.org,2026-03-19,VIP
C0286,Miguel Mccormick,seancolon@example.org,2026-03-02,REGULAR
C0287,Lynn Pugh,tiffanysilva@example.com,2025-09-05,REGULAR
C0288,Jamie Nunez,hhughes@example.org,2025-12-08,VIP
C0289,Joshua Mitchell,chamberscindy@example.net,2025-09-24,VIP
C0290,Brendan Murphy,shari44@example.org,2025-05-29,PREMIUM
C0291,Anne Moore,hesscharles@example.net,2025-11-08,REGULAR
C0292,Jason Thomas,njones@example.org,2024-10-31,REGULAR
C0293,Christina Ruiz,williamstamara@example.com,2024-10-24,PREMIUM
C0294,Christopher Cardenas,william02@example.org,2024-11-12,REGULAR
C0295,Christopher Torres,tsmith@example.com,2025-01-19,VIP
C0296,Gabriel Jimenez,guzmantyler@example.org,2025-11-02,VIP
C0297,Eric Norris,zrodriguez@example.org,2024-08-08,VIP
C0298,Lydia Smith,grantclayton@example.org,2024-08-26,PREMIUM
C0299,Robin Parker,frankramos@example.com,2026-06-10,PREMIUM
C0300,David Gonzales,lisaowen@example.net,2025-05-02,PREMIUM
C0301,Amber Ryan MD,scottcharles@example.net,2024-11-07,PREMIUM
C0302,Regina Chambers,shawnhernandez@example.net,2024-09-17,REGULAR
C0303,Melissa Maldonado,michaelbell@example.net,2026-07-08,VIP
C0304,Vanessa Long,ihill@example.com,2025-12-16,VIP
C0305,Gregory Ball,phillipwinters@example.net,2025-10-13,REGULAR
C0306,Marie Bennett,cortezmichael@example.net,2026-04-23,VIP
C0307,Andrea Ochoa,fadams@example.org,2024-08-30,VIP
C0308,Mary Guzman,james62@example.com,2024-10-30,PREMIUM
C0309,David Vaughan,bwilcox@example.org,2025-06-26,PREMIUM
C0310,Jocelyn Yu,kaitlin37@example.org,2025-09-06,PREMIUM
C0311,Kristina Thomas,schmittsamantha@example.net,2026-04-10,REGULAR
C0312,Stephanie Herrera,zjohnson@example.com,2026-01-15,VIP
C0313,Christine Barker,angelica99@example.com,2025-06-27,VIP
C0314,Alexis Jones,schneidernathan@example.net,2024-07-24,PREMIUM
C0315,Michelle Huang,victoradamsexample.org,2024-09-01,VIP
C0316,John Thomas,alan97@example.net,2025-02-07,REGULAR
C0317,Julie Allen,whitneyjulie@example.net,2025-10-09,VIP
C0318,Billy Beck,caseyhouston@example.com,2025-07-16,VIP
C0319,Alyssa Cannon,jessicachristian@example.org,2026-02-26,PREMIUM
C0320,Jacqueline Harrington,pschmitt@example.net,2025-09-27,PREMIUM
C0321,Jennifer Allen,fosterrose@example.net,2024-12-20,VIP
C0322,Nicholas Porter,brianna73@example.net,2024-07-17,PREMIUM
C0323,Kenneth Smith,gwright@example.net,2026-03-16,REGULAR
C0324,Jessica Dyer,yharris@example.com,2025-02-17,REGULAR
C0325,Mary Hill,clarkmichelle@example.org,2026-06-07,VIP
C0326,John Rodriguez,pamela68@example.com,2025-11-23,VIP
C0327,George Martinez,carl11@example.org,2025-07-30,VIP
C0328,Sheila Torres,hjenkins@example.com,2024-11-07,PREMIUM
C0329,Matthew Rivera,kennedyzachary@example.net,2024-12-18,PREMIUM
C0330,Samuel Davis,ortegasherry@example.org,2024-09-28,REGULAR
C0331,Jasmine Sims,phillipsbrooke@example.net,2026-03-10,PREMIUM
C0332,Barbara Larsen,jessica47@example.com,2026-03-12,VIP
C0333,Monica Matthews,hriley@example.com,2026-03-04,REGULAR
C0334,Paul Gordon,timothybaldwin@example.net,2026-02-25,PREMIUM
C0335,Jessica Deleon,hsheppard@example.net,2025-07-22,REGULAR
C0336,Katherine Lopez MD,vazquezashley@example.net,2026-06-01,REGULAR
C0337,Jacqueline Green,kenneth21@example.com,2024-09-28,VIP
C0338,Cassandra Henderson,johnsonsharon@example.net,2024-10-04,PREMIUM
C0339,Phillip Bauer,wagnerross@example.com,2026-06-18,VIP
C0340,Travis Kelly,gabrielle30@example.org,2026-03-31,REGULAR
C0341,Donna White,lynngonzalez@example.com,2026-06-02,REGULAR
C0342,David Pace,colestephanie@example.net,2024-09-08,PREMIUM
C0343,Monica Vaughan,cherylhicks@example.org,2026-02-23,REGULAR
C0344,Lisa Jackson,rachel12@example.org,2024-07-10,REGULAR
C0345,Courtney Jenkins,andre10@example.com,2026-05-07,REGULAR
C0346,Desiree Martin,ogordon@example.net,2026-04-13,PREMIUM
C0347,Steven Simmons,elizabeth85@example.com,2025-11-15,PREMIUM
C0348,James Wilson,kimberly22@example.net,2024-11-28,REGULAR
C0349,Robert Smith,mccartyerika@example.net,2026-04-25,PREMIUM
C0350,David Swanson,samantha20@example.org,2026-04-12,REGULAR
C0351,Kimberly Hawkins,moorejulia@example.org,2025-05-31,REGULAR
C0352,Ariel Cantu,lambertmarcus@example.net,2025-04-29,REGULAR
C0353,Casey Rich,riveraandrea@example.net,2025-08-27,VIP
C0354,Justin Jones,daniel74@example.net,2024-09-15,VIP
C0355,Andrew Erickson,brettbernard@example.org,2026-03-20,PREMIUM
C0356,Anita Cook,walkerdustin@example.com,2026-05-06,REGULAR
C0357,Ronnie Barnett,charles27@example.com,2025-11-08,VIP
C0358,Marcus Leonard,hwilliams@example.net,2024-07-20,REGULAR
C0359,Vernon Roberts,reedkevin@example.com,2025-03-14,REGULAR
C0360,Joanna Watts,norman74@example.org,2024-09-24,VIP
C0361,Logan Rowland,garciarachel@example.org,2025-05-23,VIP
C0362,Roger Mcdonald,gardneraaron@example.org,2025-10-27,VIP
C0363,Christopher Wilkins,simpsonashley@example.com,2026-02-05,REGULAR
C0364,Heidi Davis,elliottmichael@example.org,2025-11-27,VIP
C0365,Michele Wilkinson,aimee13@example.org,2026-03-30,VIP
C0366,Mr. Gary Thompson,maryberg@example.com,2025-06-19,REGULAR
C0367,Erin Graham,christopherrichards@example.net,2024-11-02,VIP
C0368,Wyatt Sullivan,alexissims@example.net,2025-07-29,PREMIUM
C0369,Emily Tucker,bbeard@example.com,2025-01-21,REGULAR
C0370,Pamela Kane,reeseangela@example.net,2025-10-04,VIP
C0371,Barbara Frank,heatherevans@example.net,2024-12-03,REGULAR
C0372,Isaiah Cummings,pattersonadrienne@example.net,2024-08-10,VIP
C0373,Heather Silva,guerreromichael@example.org,2026-01-03,VIP
C0374,Crystal Griffin,lisa94@example.org,2025-06-27,PREMIUM
C0375,Kristin Harris,benjamin68@example.net,2025-05-23,REGULAR
C0376,William Silva,tracy01@example.net,2024-12-03,REGULAR
C0377,Jesus Sandoval,richardsonalexis@example.org,2025-04-14,VIP
C0378,Sarah Mcgee,maynarddevin@example.org,2024-09-19,REGULAR
C0379,Beverly Leon,gjohnson@example.net,2025-02-23,REGULAR
C0380,Brian Allen,rebeccawalker@example.com,2024-12-28,VIP
C0381,Kevin Lee,shawnblackburn@example.org,2024-09-06,REGULAR
C0382,Rebecca Patel,vwilliams@example.com,2025-11-10,PREMIUM
C0383,Wanda Stephenson,lisa77@example.net,2024-11-27,PREMIUM
C0384,Michael Smith,hernandezjason@example.net,2025-04-08,VIP
C0385,Tammy Sutton,jking@example.org,2025-03-16,REGULAR
C0386,Sarah Thomas,kendrawells@example.net,2025-05-27,VIP
C0387,Chad Hancock MD,franciscojones@example.org,2026-07-03,REGULAR
C0388,Paul Gay,gregoryjoseph@example.org,2026-05-30,PREMIUM
C0389,Paul Mcclain,loweedward@example.com,2025-08-29,VIP
C0390,Jessica Copeland,lisa47@example.net,2025-08-28,PREMIUM
C0391,Maria Johnson,ctorres@example.org,2024-11-09,VIP
C0392,Jennifer Perez,david73@example.com,2025-06-12,REGULAR
C0393,Evan Wise,ybean@example.net,2025-06-27,PREMIUM
C0394,Nicholas Le,uhopkins@example.org,2025-07-08,VIP
C0395,Sarah Adams,bwright@example.net,2026-03-11,VIP
C0396,Teresa Ferguson,kswanson@example.org,2025-04-15,VIP
C0397,Dana Baker,jennifer79@example.org,2025-05-29,VIP
C0398,Holly Brown,ocurry@example.net,2025-10-15,REGULAR
C0399,Raymond Lopez,woodscott@example.com,2024-09-26,PREMIUM
C0400,Craig Hayes,danielrowland@example.org,2025-04-11,VIP
C0401,Christopher Gordon,christopher48@example.org,2026-07-09,VIP
C0402,Devon Franco,walkerkathleen@example.org,2025-07-23,PREMIUM
C0403,James Collier,kellykarina@example.net,2025-04-24,VIP
C0404,Tiffany Carney,deannajones@example.net,2024-12-27,REGULAR
C0405,Faith Case,rodriguezcynthia@example.org,2026-03-06,VIP
C0406,Brian Moran,michaelmendoza@example.net,2025-09-10,VIP
C0407,Sherri Sanchez,russostephen@example.net,2024-11-21,VIP
C0408,Kyle Green,ndavis@example.org,2024-11-16,VIP
C0409,Stacy Patrick,sancheztammy@example.com,2025-11-20,VIP
C0410,Brian Meyers,stonemelissa@example.com,2025-05-26,PREMIUM
C0411,Russell Coleman,yschwartz@example.org,2024-11-13,PREMIUM
C0412,Tyler Johnson,sydneyjohnson@example.org,2024-10-27,VIP
C0413,Joshua Coffey,bennettpatricia@example.net,2025-05-25,VIP
C0414,Jessica Moss,david47@example.org,2026-02-08,VIP
C0415,Michelle Jones,hmeadows@example.org,2025-02-03,VIP
C0416,Dana Lopez,dmorgan@example.com,2025-11-01,VIP
C0417,Amanda Hayes,wolfemary@example.org,2026-06-07,VIP
C0418,Nicole Wilson,nataliehubbard@example.org,2025-12-09,VIP
C0419,Nathan Mooney,coreywilliams@example.org,2026-06-19,VIP
C0420,Natalie Stephens,xburns@example.net,2025-06-21,PREMIUM
C0421,Dana Gaines DDS,yhernandez@example.org,2025-11-01,REGULAR
C0422,Rebecca Black,graysamantha@example.com,2024-11-05,PREMIUM
C0423,Jared Rhodes,johnkramer@example.org,2025-02-18,VIP
C0424,Melanie Welch,mwarren@example.com,2025-08-26,VIP
C0425,Melanie Barnett,briannajohnson@example.net,2025-01-08,VIP
C0426,Michelle Cochran,lisa39@example.org,2024-07-21,VIP
C0427,Justin Peterson,trevormontgomery@example.org,2024-10-25,PREMIUM
C0428,Amber Watson,anne13@example.org,2024-10-20,PREMIUM
C0429,Carol Jones,jamesbradley@example.net,2025-03-13,VIP
C0430,Kyle Smith,kconrad@example.org,2026-02-14,REGULAR
C0431,Greg Reynolds,odomjohn@example.net,2025-02-08,REGULAR
C0432,Randall Castaneda,whitezachary@example.com,2024-10-24,PREMIUM
C0433,Nathan Contreras,joshuasmith@example.com,2024-08-02,PREMIUM
C0434,Paul Scott,kyle42@example.net,2025-09-02,VIP
C0435,Maria Thomas,mariacabrera@example.org,2025-09-18,PREMIUM
C0436,Erica Frazier,bryanmorales@example.com,2025-08-19,PREMIUM
C0437,Pamela Jackson,victor51@example.com,2024-07-14,VIP
C0438,Walter Adams,fberry@example.org,2025-08-14,VIP
C0439,Joseph Best,ibauer@example.org,2026-05-24,PREMIUM
C0440,Gary Lopez,allison41@example.com,2025-08-02,REGULAR
C0441,Amanda Gonzales,lori55example.org,2025-04-26,VIP
C0442,Christian Gardner,andrereynolds@example.net,2024-12-18,PREMIUM
C0443,Justin Baxter,qholmes@example.com,2025-07-31,PREMIUM
C0444,Randy Holland,john57@example.org,2025-07-18,VIP
C0445,Jake Murray,dmitchell@example.net,2026-02-28,REGULAR
C0446,Jackson Shannon,kenneth11@example.org,2026-03-08,PREMIUM
C0447,Lance Carroll,heather77@example.net,2025-12-13,PREMIUM
C0448,Mary Flowers,abigailreynolds@example.net,2026-05-20,VIP
C0449,Travis Bray,swilliams@example.org,2024-12-12,REGULAR
C0450,Jose Lewis,davidwheeler@example.com,2024-11-16,PREMIUM
C0451,Timothy King,samantha58@example.org,2024-12-13,VIP
C0452,Sandra Compton MD,philipmcclure@example.net,2025-05-13,PREMIUM
C0453,Justin Ross,denise96@example.org,2026-04-17,PREMIUM
C0454,Sherry Simmons,ljohnston@example.org,2025-02-03,REGULAR
C0455,Jason Lewis,kimberly99@example.org,2025-08-23,REGULAR
C0456,Sergio Herman,tinaford@example.net,2025-06-27,PREMIUM
C0457,Morgan Campbell,lewisalicia@example.net,2024-12-13,PREMIUM
C0458,Jacob Martinez,cathy49@example.com,2025-06-08,PREMIUM
C0459,David Lee,frank04@example.net,2026-01-15,REGULAR
C0460,Christopher Anderson,bushgarrett@example.com,2024-08-08,REGULAR
C0461,Crystal Campbell,grossjoseph@example.org,2026-04-28,REGULAR
C0462,Jeffery Flores,karadouglas@example.net,2025-11-05,VIP
C0463,Sandra Briggs,derek64@example.net,2024-09-13,VIP
C0464,Thomas Cunningham,gomezmelissa@example.net,2025-11-17,REGULAR
C0465,Olivia Gonzalez,rogersvictoria@example.net,2026-04-14,PREMIUM
C0466,Rhonda Holder,dwatson@example.net,2025-01-11,PREMIUM
C0467,Jennifer Austin,odaniels@example.net,2025-09-12,VIP
C0468,Andrew Castaneda,lisasnow@example.org,2026-01-16,PREMIUM
C0469,Jennifer Myers,katherine45@example.org,2025-09-10,REGULAR
C0470,Glenda Brandt,mdavis@example.org,2025-08-01,VIP
C0471,Max Lewis,russellpaul@example.net,2026-03-02,PREMIUM
C0472,William Griffin,jhill@example.org,2024-12-10,VIP
C0473,Kevin Lynch,jonathan82@example.com,2024-10-29,VIP
C0474,Matthew Marshall,mooneycharles@example.org,2025-09-08,PREMIUM
C0475,Kenneth Miles,carlaandrews@example.com,2025-10-01,PREMIUM
C0476,Cheryl Conrad,whitejoseph@example.org,2026-06-28,PREMIUM
C0477,Kevin Cabrera,zallen@example.org,2024-07-21,REGULAR
C0478,Virginia Navarro,madison88@example.com,2024-11-05,REGULAR
C0479,Christopher Daniels,mariowilkins@example.org,2026-01-20,REGULAR
C0480,Sophia Frank,umartinez@example.org,2024-10-11,PREMIUM
C0481,John Williams,christinatate@example.com,2026-01-09,VIP
C0482,Jared Reed,robert15@example.org,2025-12-01,PREMIUM
C0483,Joan Meyer,debradiaz@example.net,2025-02-10,VIP
C0484,Sandra Johnson,rogersjohn@example.com,2026-03-13,REGULAR
C0485,Jessica Olsen,byrdolivia@example.com,2026-03-27,REGULAR
C0486,Jonathon Taylor,jillball@example.com,2026-01-01,PREMIUM
C0487,Donna Stephens,ustone@example.net,2024-08-01,VIP
C0488,Donna Torres,jasonsutton@example.com,2025-02-26,PREMIUM
C0489,Bryan Kramer PhD,bgarcia@example.com,2024-08-27,VIP
C0490,Kevin Perry,mark87@example.net,2024-08-24,REGULAR
C0491,Susan Houston,omoon@example.com,2026-03-07,PREMIUM
C0492,Andrea Bennett,vancecathy@example.org,2025-03-09,REGULAR
C0493,Crystal King,mreese@example.com,2025-08-26,REGULAR
C0494,Cynthia Carpenter,edwardsvanessa@example.com,2025-05-02,PREMIUM
C0495,Tracey Garcia,amanda94@example.org,2025-03-01,VIP
C0496,Jennifer Bell,james57@example.net,2026-05-24,PREMIUM
C0497,Jerry Nguyen,ktyler@example.com,2025-08-28,REGULAR
C0498,Kristi Bray,christophermcbride@example.com,2026-05-19,REGULAR
C0499,Amber Allen,austinmichael@example.org,2024-12-17,VIP
C0500,David Dalton,carrie23@example.com,2025-11-03,VIP
